ID,Form_ID,Form,Cognateset_ID,Doubt,Cognate_Detection_Method,Source,Alignment,Alignment_Method,Alignment_Source
Cora-1-notno-1-1,Cora-1-notno-1,kah,1,false,expert,Pharao2020,,,
Huichol-1-notno-1-1,Huichol-1-notno-1,tiʂaɨ,2,false,expert,Pharao2020,,,
ProtoNahua-1-notno-1-1,ProtoNahua-1-notno-1,ahmo,1,false,expert,Pharao2020,,,
Tepiman-1-notno-1-1,Tepiman-1-notno-1,čo,1,false,expert,Pharao2020,,,
Cahita-1-notno-1-1,Cahita-1-notno-1,ka,1,false,expert,Pharao2020,,,
Tarahumaran-1-notno-1-1,Tarahumaran-1-notno-1,kai,1,false,expert,Pharao2020,,,
ProtoCoracholNahua-1-notno-1-1,ProtoCoracholNahua-1-notno-1,ka-mo,1,false,expert,Pharao2020,,,
ProtoUtoAztecan-1-notno-1-1,ProtoUtoAztecan-1-notno-1,ka,1,false,expert,Pharao2020,,,
Cora-2-many-1-1,Cora-2-many-1,mu,3,false,expert,Pharao2020,,,
Huichol-2-many-1-1,Huichol-2-many-1,mɨiré_,4,false,expert,Pharao2020,,,
ProtoNahua-2-many-1-1,ProtoNahua-2-many-1,mi:yak,3,false,expert,Pharao2020,,,
Tepiman-2-many-1-1,Tepiman-2-many-1,mui,3,false,expert,Pharao2020,,,
Tarahumaran-2-many-1-1,Tarahumaran-2-many-1,mu,3,false,expert,Pharao2020,,,
ProtoUtoAztecan-2-many-1-1,ProtoUtoAztecan-2-many-1,mu,3,false,expert,Pharao2020,,,
Cora-3-one-1-1,Cora-3-one-1,saɨ́,5,false,expert,Pharao2020,,,
Huichol-3-one-1-1,Huichol-3-one-1,ʂewi,5,false,expert,Pharao2020,,,
ProtoNahua-3-one-1-1,ProtoNahua-3-one-1,se:,5,false,expert,Pharao2020,,,
Tepiman-3-one-1-1,Tepiman-3-one-1,hɨ,5,false,expert,Pharao2020,,,
Cahita-3-one-1-1,Cahita-3-one-1,sen-,5,false,expert,Pharao2020,,,
Tarahumaran-3-one-1-1,Tarahumaran-3-one-1,pire,6,false,expert,Pharao2020,,,
ProtoCoracholNahua-3-one-1-1,ProtoCoracholNahua-3-one-1,samwi,5,false,expert,Pharao2020,,,
ProtoUtoAztecan-3-one-1-1,ProtoUtoAztecan-3-one-1,heme_tubar,5,false,expert,Pharao2020,,,
Cora-4-two-1-1,Cora-4-two-1,wá,7,false,expert,Pharao2020,,,
Huichol-4-two-1-1,Huichol-4-two-1,huuta,7,false,expert,Pharao2020,,,
ProtoNahua-4-two-1-1,ProtoNahua-4-two-1,o:me,7,false,expert,Pharao2020,,,
Tepiman-4-two-1-1,Tepiman-4-two-1,gok,7,false,expert,Pharao2020,,,
Cahita-4-two-1-1,Cahita-4-two-1,woyi,7,false,expert,Pharao2020,,,
Tarahumaran-4-two-1-1,Tarahumaran-4-two-1,woka,7,false,expert,Pharao2020,,,
ProtoCoracholNahua-4-two-1-1,ProtoCoracholNahua-4-two-1,wapu-,7,false,expert,Pharao2020,,,
ProtoUtoAztecan-4-two-1-1,ProtoUtoAztecan-4-two-1,wo-_SUA,8,false,expert,Pharao2020,,,
Cora-5-big-1-1,Cora-5-big-1,bé,9,false,expert,Pharao2020,,,
Huichol-5-big-1-1,Huichol-5-big-1,e-nena,10,false,expert,Pharao2020,,,
ProtoNahua-5-big-1-1,ProtoNahua-5-big-1,we:yi,9,false,expert,Pharao2020,,,
Tepiman-5-big-1-1,Tepiman-5-big-1,gɨ,9,false,expert,Pharao2020,,,
Cahita-5-big-1-1,Cahita-5-big-1,bweru,9,false,expert,Pharao2020,,,
Tarahumaran-5-big-1-1,Tarahumaran-5-big-1,weru,9,false,expert,Pharao2020,,,
ProtoCoracholNahua-5-big-1-1,ProtoCoracholNahua-5-big-1,we:-,9,false,expert,Pharao2020,,,
ProtoUtoAztecan-5-big-1-1,ProtoUtoAztecan-5-big-1,wɨL-_SUA,9,false,expert,Pharao2020,,,
Cora-6-old-1-1,Cora-6-old-1,?bástakɨra,11,false,expert,Pharao2020,,,
Huichol-6-old-1-1,Huichol-6-old-1,ukira¢i,12,false,expert,Pharao2020,,,
ProtoNahua-6-old-1-1,ProtoNahua-6-old-1,we:we:,13,false,expert,Pharao2020,,,
Cahita-6-old-1-1,Cahita-6-old-1,o,14,false,expert,Pharao2020,,,
ProtoUtoAztecan-6-old-1-1,ProtoUtoAztecan-6-old-1,yo,14,false,expert,Pharao2020,,,
Cora-7-small-1-1,Cora-7-small-1,kɨlen,15,false,expert,Pharao2020,,,
ProtoNahua-7-small-1-1,ProtoNahua-7-small-1,tepi-,16,false,expert,Pharao2020,,,
Cora-8-long-1-1,Cora-8-long-1,teé,17,false,expert,Pharao2020,,,
Huichol-8-long-1-1,Huichol-8-long-1,e-te:wi,17,false,expert,Pharao2020,,,
ProtoNahua-8-long-1-1,ProtoNahua-8-long-1,we:ya-k,18,false,expert,Pharao2020,,,
Tepiman-8-long-1-1,Tepiman-8-long-1,tɨvɨ,17,false,expert,Pharao2020,,,
Cahita-8-long-1-1,Cahita-8-long-1,teve,17,false,expert,Pharao2020,,,
Tarahumaran-8-long-1-1,Tarahumaran-8-long-1,tepih-,17,false,expert,Pharao2020,,,
ProtoUtoAztecan-8-long-1-1,ProtoUtoAztecan-8-long-1,tɨpɨ,17,false,expert,Pharao2020,,,
ProtoUtoAztecan-8-long-2-1,ProtoUtoAztecan-8-long-2,wɨpa,18,false,expert,Pharao2020,,,
Cora-9-new-1-1,Cora-9-new-1,héhkwa,19,false,expert,Pharao2020,,,
Huichol-9-new-1-1,Huichol-9-new-1,hekwa,19,false,expert,Pharao2020,,,
ProtoNahua-9-new-1-1,ProtoNahua-9-new-1,yankwi-k,19,false,expert,Pharao2020,,,
Tepiman-9-new-1-1,Tepiman-9-new-1,vetuda,20,false,expert,Pharao2020,,,
Cahita-9-new-1-1,Cahita-9-new-1,bemela,21,false,expert,Pharao2020,,,
Tarahumaran-9-new-1-1,Tarahumaran-9-new-1,kaweruma,22,false,expert,Pharao2020,,,
ProtoCoracholNahua-9-new-1-1,ProtoCoracholNahua-9-new-1,hɨnkwa-ki,19,false,expert,Pharao2020,,,
ProtoUtoAztecan-9-new-1-1,ProtoUtoAztecan-9-new-1,hukwa_SUA,19,false,expert,Pharao2020,,,
ProtoUtoAztecan-9-new-2-1,ProtoUtoAztecan-9-new-2,pɨtuwa_PUA,20,false,expert,Pharao2020,,,
Cora-10-good-1-1,Cora-10-good-1,naá,23,false,expert,Pharao2020,,,
Huichol-10-good-1-1,Huichol-10-good-1,aiȿɨa,24,false,expert,Pharao2020,,,
ProtoNahua-10-good-1-1,ProtoNahua-10-good-1,kwal-,25,false,expert,Pharao2020,,,
Tepiman-10-good-1-1,Tepiman-10-good-1,kɨga,25,false,expert,Pharao2020,,,
Cahita-10-good-1-1,Cahita-10-good-1,kiwa,25,false,expert,Pharao2020,,,
ProtoUtoAztecan-10-good-1-1,ProtoUtoAztecan-10-good-1,kɨwa,25,false,expert,Pharao2020,,,
Huichol-11-heavy-1-1,Huichol-11-heavy-1,heeté,26,false,expert,Pharao2020,,,
ProtoNahua-11-heavy-1-1,ProtoNahua-11-heavy-1,yeti-k,26,false,expert,Pharao2020,,,
Tepiman-11-heavy-1-1,Tepiman-11-heavy-1,vɨti,26,false,expert,Pharao2020,,,
Cahita-11-heavy-1-1,Cahita-11-heavy-1,vette,26,false,expert,Pharao2020,,,
Tarahumaran-11-heavy-1-1,Tarahumaran-11-heavy-1,pehté,26,false,expert,Pharao2020,,,
ProtoUtoAztecan-11-heavy-1-1,ProtoUtoAztecan-11-heavy-1,pɨttɨ_PUA,26,false,expert,Pharao2020,,,
Cora-12-dry-1-1,Cora-12-dry-1,wa¢i,27,false,expert,Pharao2020,,,
Huichol-12-dry-1-1,Huichol-12-dry-1,vasiɨȿa,27,false,expert,Pharao2020,,,
ProtoNahua-12-dry-1-1,ProtoNahua-12-dry-1,wak-ki,27,false,expert,Pharao2020,,,
ProtoNahua-12-dry-2-1,ProtoNahua-12-dry-2,wa:¢-,28,false,expert,Pharao2020,,,
Tepiman-12-dry-1-1,Tepiman-12-dry-1,gak-,28,false,expert,Pharao2020,,,
Cahita-12-dry-1-1,Cahita-12-dry-1,wakia,28,false,expert,Pharao2020,,,
Tarahumaran-12-dry-1-1,Tarahumaran-12-dry-1,wakia,28,false,expert,Pharao2020,,,
ProtoCoracholNahua-12-dry-1-1,ProtoCoracholNahua-12-dry-1,wa-k,27,false,expert,Pharao2020,,,
ProtoUtoAztecan-12-dry-1-1,ProtoUtoAztecan-12-dry-1,waki_PUA,28,false,expert,Pharao2020,,,
Cora-13-colditscold-1-1,Cora-13-colditscold-1,kɨmwáhara,29,false,expert,Pharao2020,,,
Cora-13-colditscold-2-1,Cora-13-colditscold-2,wa-see,30,false,expert,Pharao2020,,,
Huichol-13-colditscold-1-1,Huichol-13-colditscold-1,haɨtɨ,31,false,expert,Pharao2020,,,
ProtoNahua-13-colditscold-1-1,ProtoNahua-13-colditscold-1,i¢ti-k,32,false,expert,Pharao2020,,,
ProtoNahua-13-colditscold-2-1,ProtoNahua-13-colditscold-2,se:wa,30,false,expert,Pharao2020,,,
Tepiman-13-colditscold-1-1,Tepiman-13-colditscold-1,hepi,30,false,expert,Pharao2020,,,
Cahita-13-colditscold-1-1,Cahita-13-colditscold-1,sewe,30,false,expert,Pharao2020,,,
Tarahumaran-13-colditscold-1-1,Tarahumaran-13-colditscold-1,sepi,30,false,expert,Pharao2020,,,
ProtoUtoAztecan-13-colditscold-1-1,ProtoUtoAztecan-13-colditscold-1,sep-_PUA,30,false,expert,Pharao2020,,,
Cora-14-hot-1-1,Cora-14-hot-1,pɨstí,33,false,expert,Pharao2020,,,
Huichol-14-hot-1-1,Huichol-14-hot-1,ʂɨka,34,false,expert,Pharao2020,,,
ProtoNahua-14-hot-1-1,ProtoNahua-14-hot-1,toto:ni-k,35,false,expert,Pharao2020,,,
Tepiman-14-hot-1-1,Tepiman-14-hot-1,toni,35,false,expert,Pharao2020,,,
Cahita-14-hot-1-1,Cahita-14-hot-1,sukka,34,false,expert,Pharao2020,,,
Tarahumaran-14-hot-1-1,Tarahumaran-14-hot-1,tono,35,false,expert,Pharao2020,,,
ProtoUtoAztecan-14-hot-1-1,ProtoUtoAztecan-14-hot-1,toNa,34,false,expert,Pharao2020,,,
ProtoUtoAztecan-14-hot-2-1,ProtoUtoAztecan-14-hot-2,suka,35,false,expert,Pharao2020,,,
Cora-15-woman-1-1,Cora-15-woman-1,ɨíta,36,false,expert,Pharao2020,,,
Huichol-15-woman-1-1,Huichol-15-woman-1,‘uka,36,false,expert,Pharao2020,,,
ProtoNahua-15-woman-1-1,ProtoNahua-15-woman-1,siwa:-,37,false,expert,Pharao2020,,,
Tepiman-15-woman-1-1,Tepiman-15-woman-1,okisi,37,false,expert,Pharao2020,,,
Tepiman-15-woman-2-1,Tepiman-15-woman-2,honiga,38,false,expert,Pharao2020,,,
Cahita-15-woman-1-1,Cahita-15-woman-1,huubi,39,false,expert,Pharao2020,,,
Tarahumaran-15-woman-1-1,Tarahumaran-15-woman-1,upí,39,false,expert,Pharao2020,,,
ProtoUtoAztecan-15-woman-1-1,ProtoUtoAztecan-15-woman-1,sinwa_PUA,36,false,expert,Pharao2020,,,
ProtoUtoAztecan-15-woman-2-1,ProtoUtoAztecan-15-woman-2,uka-_PUA,37,false,expert,Pharao2020,,,
Cora-16-man-1-1,Cora-16-man-1,taáta,40,false,expert,Pharao2020,,,
Huichol-16-man-1-1,Huichol-16-man-1,uki,40,false,expert,Pharao2020,,,
ProtoNahua-16-man-1-1,ProtoNahua-16-man-1,okič-_,40,false,expert,Pharao2020,,,
Tepiman-16-man-1-1,Tepiman-16-man-1,tihoyi,41,false,expert,Pharao2020,,,
Cahita-16-man-1-1,Cahita-16-man-1,taká__‘cuerpo,42,false,expert,Pharao2020,,,
Tarahumaran-16-man-1-1,Tarahumaran-16-man-1,tihoe,41,false,expert,Pharao2020,,,
ProtoCoracholNahua-16-man-1-1,ProtoCoracholNahua-16-man-1,oki¢i,40,false,expert,Pharao2020,,,
ProtoUtoAztecan-16-man-1-1,ProtoUtoAztecan-16-man-1,oki¢i_‘girl,40,false,expert,Pharao2020,,,
Cora-17-person-1-1,Cora-17-person-1,tyevi_,43,false,expert,Pharao2020,,,
Huichol-17-person-1-1,Huichol-17-person-1,tewi,43,false,expert,Pharao2020,,,
ProtoNahua-17-person-1-1,ProtoNahua-17-person-1,-te:-,43,false,expert,Pharao2020,,,
Cahita-17-person-1-1,Cahita-17-person-1,yore,44,false,expert,Pharao2020,,,
ProtoUtoAztecan-17-person-1-1,ProtoUtoAztecan-17-person-1,ta:wi,45,false,expert,Pharao2020,,,
Cora-18-fish-1-1,Cora-18-fish-1,wá,46,false,expert,Pharao2020,,,
Huichol-18-fish-1-1,Huichol-18-fish-1,ke¢ɨ,47,false,expert,Pharao2020,,,
ProtoNahua-18-fish-1-1,ProtoNahua-18-fish-1,miči-,48,false,expert,Pharao2020,,,
Tepiman-18-fish-1-1,Tepiman-18-fish-1,vatopa,49,false,expert,Pharao2020,,,
Cahita-18-fish-1-1,Cahita-18-fish-1,kuču,47,false,expert,Pharao2020,,,
Tarahumaran-18-fish-1-1,Tarahumaran-18-fish-1,kočú,47,false,expert,Pharao2020,,,
ProtoUtoAztecan-18-fish-1-1,ProtoUtoAztecan-18-fish-1,musi_SUA,47,false,expert,Pharao2020,,,
ProtoUtoAztecan-18-fish-2-1,ProtoUtoAztecan-18-fish-2,ki¢u_PUA,48,false,expert,Pharao2020,,,
Cora-19-bird-1-1,Cora-19-bird-1,pína,50,false,expert,Pharao2020,,,
Huichol-19-bird-1-1,Huichol-19-bird-1,wi:ki,51,false,expert,Pharao2020,,,
ProtoNahua-19-bird-1-1,ProtoNahua-19-bird-1,toto-,52,false,expert,Pharao2020,,,
Tepiman-19-bird-1-1,Tepiman-19-bird-1,uuhigi,51,false,expert,Pharao2020,,,
Cahita-19-bird-1-1,Cahita-19-bird-1,wiikit,51,false,expert,Pharao2020,,,
ProtoUtoAztecan-19-bird-1-1,ProtoUtoAztecan-19-bird-1,wi¢iki_PUA,51,false,expert,Pharao2020,,,
Cora-20-dog-1-1,Cora-20-dog-1,¢ɨ,53,false,expert,Pharao2020,,,
Huichol-20-dog-1-1,Huichol-20-dog-1,¢ɨkɨ,53,false,expert,Pharao2020,,,
ProtoNahua-20-dog-1-1,ProtoNahua-20-dog-1,i¢kwin,53,false,expert,Pharao2020,,,
ProtoNahua-20-dog-2-1,ProtoNahua-20-dog-2,čiči,54,false,expert,Pharao2020,,,
Tepiman-20-dog-1-1,Tepiman-20-dog-1,gosi,55,false,expert,Pharao2020,,,
Cahita-20-dog-1-1,Cahita-20-dog-1,ču,54,false,expert,Pharao2020,,,
Tarahumaran-20-dog-1-1,Tarahumaran-20-dog-1,koči,55,false,expert,Pharao2020,,,
ProtoCoracholNahua-20-dog-1-1,ProtoCoracholNahua-20-dog-1,¢ukui,53,false,expert,Pharao2020,,,
ProtoUtoAztecan-20-dog-1-1,ProtoUtoAztecan-20-dog-1,¢u_SUA,53,false,expert,Pharao2020,,,
Cora-21-louse-1-1,Cora-21-louse-1,até,56,false,expert,Pharao2020,,,
Huichol-21-louse-1-1,Huichol-21-louse-1,ate,56,false,expert,Pharao2020,,,
ProtoNahua-21-louse-1-1,ProtoNahua-21-louse-1,atemi,56,false,expert,Pharao2020,,,
Tepiman-21-louse-1-1,Tepiman-21-louse-1,aatɨ,56,false,expert,Pharao2020,,,
Cahita-21-louse-1-1,Cahita-21-louse-1,étte,56,false,expert,Pharao2020,,,
Tarahumaran-21-louse-1-1,Tarahumaran-21-louse-1,ehté,56,false,expert,Pharao2020,,,
ProtoCoracholNahua-21-louse-1-1,ProtoCoracholNahua-21-louse-1,ate,56,false,expert,Pharao2020,,,
ProtoUtoAztecan-21-louse-1-1,ProtoUtoAztecan-21-louse-1,atɨ_PUA,56,false,expert,Pharao2020,,,
Cora-22-snake-1-1,Cora-22-snake-1,kú,57,false,expert,Pharao2020,,,
Huichol-22-snake-1-1,Huichol-22-snake-1,kuu,57,false,expert,Pharao2020,,,
ProtoNahua-22-snake-1-1,ProtoNahua-22-snake-1,ko:wa-,57,false,expert,Pharao2020,,,
Tepiman-22-snake-1-1,Tepiman-22-snake-1,ko,57,false,expert,Pharao2020,,,
Cahita-22-snake-1-1,Cahita-22-snake-1,baakot,57,false,expert,Pharao2020,,,
Tarahumaran-22-snake-1-1,Tarahumaran-22-snake-1,sinoi,58,false,expert,Pharao2020,,,
ProtoCoracholNahua-22-snake-1-1,ProtoCoracholNahua-22-snake-1,ku,59,false,expert,Pharao2020,,,
ProtoUtoAztecan-22-snake-1-1,ProtoUtoAztecan-22-snake-1,kowa_PUA,57,false,expert,Pharao2020,,,
Cora-23-tree-1-1,Cora-23-tree-1,kɨyé,60,false,expert,Pharao2020,,,
Huichol-23-tree-1-1,Huichol-23-tree-1,kɨye,60,false,expert,Pharao2020,,,
ProtoNahua-23-tree-1-1,ProtoNahua-23-tree-1,kwaw-,60,false,expert,Pharao2020,,,
Tepiman-23-tree-1-1,Tepiman-23-tree-1,ku,60,false,expert,Pharao2020,,,
Cahita-23-tree-1-1,Cahita-23-tree-1,kútta,60,false,expert,Pharao2020,,,
Tarahumaran-23-tree-1-1,Tarahumaran-23-tree-1,kuu,60,false,expert,Pharao2020,,,
ProtoUtoAztecan-23-tree-1-1,ProtoUtoAztecan-23-tree-1,kua-wi_SUA,60,false,expert,Pharao2020,,,
Cora-24-bark-1-1,Cora-24-bark-1,ku¢apé,61,false,expert,Pharao2020,,,
Huichol-24-bark-1-1,Huichol-24-bark-1,kunieri,62,false,expert,Pharao2020,,,
ProtoNahua-24-bark-1-1,ProtoNahua-24-bark-1,e:wa-yo,63,false,expert,Pharao2020,,,
Tepiman-24-bark-1-1,Tepiman-24-bark-1,komi,64,false,expert,Pharao2020,,,
ProtoUtoAztecan-24-bark-1-1,ProtoUtoAztecan-24-bark-1,po,63,false,expert,Pharao2020,,,
Cora-25-leef-1-1,Cora-25-leef-1,samwá,65,false,expert,Pharao2020,,,
Huichol-25-leef-1-1,Huichol-25-leef-1,ʂama,65,false,expert,Pharao2020,,,
ProtoNahua-25-leef-1-1,ProtoNahua-25-leef-1,iswa-,65,false,expert,Pharao2020,,,
Tepiman-25-leef-1-1,Tepiman-25-leef-1,haga,65,false,expert,Pharao2020,,,
Cahita-25-leef-1-1,Cahita-25-leef-1,sáwa,65,false,expert,Pharao2020,,,
Tarahumaran-25-leef-1-1,Tarahumaran-25-leef-1,sawá,65,false,expert,Pharao2020,,,
ProtoUtoAztecan-25-leef-1-1,ProtoUtoAztecan-25-leef-1,sàmwá_SUA,65,false,expert,Pharao2020,,,
Cora-26-root-1-1,Cora-26-root-1,iínee,66,false,expert,Pharao2020,,,
Huichol-26-root-1-1,Huichol-26-root-1,nana,66,false,expert,Pharao2020,,,
ProtoNahua-26-root-1-1,ProtoNahua-26-root-1,nelwa-,66,false,expert,Pharao2020,,,
Tepiman-26-root-1-1,Tepiman-26-root-1,tatka,67,false,expert,Pharao2020,,,
Cahita-26-root-1-1,Cahita-26-root-1,náwa,66,false,expert,Pharao2020,,,
Tarahumaran-26-root-1-1,Tarahumaran-26-root-1,nawá,66,false,expert,Pharao2020,,,
ProtoCoracholNahua-26-root-1-1,ProtoCoracholNahua-26-root-1,neri-wa,66,false,expert,Pharao2020,,,
ProtoUtoAztecan-26-root-1-1,ProtoUtoAztecan-26-root-1,nawa_SUA,66,false,expert,Pharao2020,,,
Cora-27-seed-1-1,Cora-27-seed-1,ha¢i,68,false,expert,Pharao2020,,,
Huichol-27-seed-1-1,Huichol-27-seed-1,ha¢i,68,false,expert,Pharao2020,,,
ProtoNahua-27-seed-1-1,ProtoNahua-27-seed-1,ač-,68,false,expert,Pharao2020,,,
Tepiman-27-seed-1-1,Tepiman-27-seed-1,ɨ¢itukai,69,false,expert,Pharao2020,,,
Cahita-27-seed-1-1,Cahita-27-seed-1,ba¢ia,68,false,expert,Pharao2020,,,
Tarahumaran-27-seed-1-1,Tarahumaran-27-seed-1,pah¢i,68,false,expert,Pharao2020,,,
ProtoCoracholNahua-27-seed-1-1,ProtoCoracholNahua-27-seed-1,ha¢i,68,false,expert,Pharao2020,,,
ProtoUtoAztecan-27-seed-1-1,ProtoUtoAztecan-27-seed-1,pa¢i_PUA,68,false,expert,Pharao2020,,,
Cora-28-blood-1-1,Cora-28-blood-1,su,70,false,expert,Pharao2020,,,
Huichol-28-blood-1-1,Huichol-28-blood-1,ʂuriya,70,false,expert,Pharao2020,,,
ProtoNahua-28-blood-1-1,ProtoNahua-28-blood-1,yes_<pauso,70,false,expert,Pharao2020,,,
Tepiman-28-blood-1-1,Tepiman-28-blood-1,ɨra,71,false,expert,Pharao2020,,,
Cahita-28-blood-1-1,Cahita-28-blood-1,ohbo,72,false,expert,Pharao2020,,,
Tarahumaran-28-blood-1-1,Tarahumaran-28-blood-1,elá,71,false,expert,Pharao2020,,,
ProtoCoracholNahua-28-blood-1-1,ProtoCoracholNahua-28-blood-1,so,70,false,expert,Pharao2020,,,
ProtoUtoAztecan-28-blood-1-1,ProtoUtoAztecan-28-blood-1,pau_PUA,73,false,expert,Pharao2020,,,
Cora-29-meat-1-1,Cora-29-meat-1,wa,74,false,expert,Pharao2020,,,
Huichol-29-meat-1-1,Huichol-29-meat-1,wai,74,false,expert,Pharao2020,,,
ProtoNahua-29-meat-1-1,ProtoNahua-29-meat-1,naka-,75,false,expert,Pharao2020,,,
Tepiman-29-meat-1-1,Tepiman-29-meat-1,tukuwa,76,false,expert,Pharao2020,,,
Cahita-29-meat-1-1,Cahita-29-meat-1,tekua,76,false,expert,Pharao2020,,,
Tarahumaran-29-meat-1-1,Tarahumaran-29-meat-1,sa,77,false,expert,Pharao2020,,,
Cora-30-skin-1-1,Cora-30-skin-1,nabíh,78,false,expert,Pharao2020,,,
Huichol-30-skin-1-1,Huichol-30-skin-1,nawi,78,false,expert,Pharao2020,,,
ProtoNahua-30-skin-1-1,ProtoNahua-30-skin-1,ye:wayo-,79,false,expert,Pharao2020,,,
Tepiman-30-skin-1-1,Tepiman-30-skin-1,ɨLida,80,false,expert,Pharao2020,,,
Cahita-30-skin-1-1,Cahita-30-skin-1,beewa,79,false,expert,Pharao2020,,,
Tarahumaran-30-skin-1-1,Tarahumaran-30-skin-1,wi,81,false,expert,Pharao2020,,,
ProtoUtoAztecan-30-skin-1-1,ProtoUtoAztecan-30-skin-1,po,79,false,expert,Pharao2020,,,
Cora-31-bone-1-1,Cora-31-bone-1,karíh,82,false,expert,Pharao2020,,,
Huichol-31-bone-1-1,Huichol-31-bone-1,u:me,83,false,expert,Pharao2020,,,
ProtoNahua-31-bone-1-1,ProtoNahua-31-bone-1,omi-,83,false,expert,Pharao2020,,,
Tepiman-31-bone-1-1,Tepiman-31-bone-1,o,83,false,expert,Pharao2020,,,
Cahita-31-bone-1-1,Cahita-31-bone-1,ota,83,false,expert,Pharao2020,,,
Tarahumaran-31-bone-1-1,Tarahumaran-31-bone-1,o,83,false,expert,Pharao2020,,,
ProtoUtoAztecan-31-bone-1-1,ProtoUtoAztecan-31-bone-1,ohomɨ_PUA,83,false,expert,Pharao2020,,,
Cora-32-grease-1-1,Cora-32-grease-1,neéčira,84,false,expert,Pharao2020,,,
Huichol-32-grease-1-1,Huichol-32-grease-1,wi:ya,85,false,expert,Pharao2020,,,
ProtoNahua-32-grease-1-1,ProtoNahua-32-grease-1,čiyawa-,84,false,expert,Pharao2020,,,
Tepiman-32-grease-1-1,Tepiman-32-grease-1,gii,85,false,expert,Pharao2020,,,
Cahita-32-grease-1-1,Cahita-32-grease-1,áwira,85,false,expert,Pharao2020,,,
Tarahumaran-32-grease-1-1,Tarahumaran-32-grease-1,wi,85,false,expert,Pharao2020,,,
ProtoCoracholNahua-32-grease-1-1,ProtoCoracholNahua-32-grease-1,¢iya-,84,false,expert,Pharao2020,,,
ProtoUtoAztecan-32-grease-1-1,ProtoUtoAztecan-32-grease-1,wip_PUA,85,false,expert,Pharao2020,,,
Cora-33-egg-1-1,Cora-33-egg-1,ta,86,false,expert,Pharao2020,,,
Huichol-33-egg-1-1,Huichol-33-egg-1,tawari,86,false,expert,Pharao2020,,,
ProtoNahua-33-egg-1-1,ProtoNahua-33-egg-1,toto:lte-,86,false,expert,Pharao2020,,,
Tepiman-33-egg-1-1,Tepiman-33-egg-1,no,87,false,expert,Pharao2020,,,
Cahita-33-egg-1-1,Cahita-33-egg-1,káwá,88,false,expert,Pharao2020,,,
Tarahumaran-33-egg-1-1,Tarahumaran-33-egg-1,kawá,88,false,expert,Pharao2020,,,
ProtoCoracholNahua-33-egg-1-1,ProtoCoracholNahua-33-egg-1,tawari_,86,false,expert,Pharao2020,,,
ProtoUtoAztecan-33-egg-1-1,ProtoUtoAztecan-33-egg-1,tapari_,86,false,expert,Pharao2020,,,
Cora-34-horn-1-1,Cora-34-horn-1,e,89,false,expert,Pharao2020,,,
Huichol-34-horn-1-1,Huichol-34-horn-1,awa,89,false,expert,Pharao2020,,,
ProtoNahua-34-horn-1-1,ProtoNahua-34-horn-1,kwa:kwaw-,90,false,expert,Pharao2020,,,
Tepiman-34-horn-1-1,Tepiman-34-horn-1,a,89,false,expert,Pharao2020,,,
Cahita-34-horn-1-1,Cahita-34-horn-1,awá,89,false,expert,Pharao2020,,,
Tarahumaran-34-horn-1-1,Tarahumaran-34-horn-1,awá,89,false,expert,Pharao2020,,,
ProtoUtoAztecan-34-horn-1-1,ProtoUtoAztecan-34-horn-1,awa,89,false,expert,Pharao2020,,,
Cora-35-tail-1-1,Cora-35-tail-1,kwasí,91,false,expert,Pharao2020,,,
Huichol-35-tail-1-1,Huichol-35-tail-1,kwaʂi,91,false,expert,Pharao2020,,,
ProtoNahua-35-tail-1-1,ProtoNahua-35-tail-1,kwitlapil-,92,false,expert,Pharao2020,,,
Tepiman-35-tail-1-1,Tepiman-35-tail-1,bahi,91,false,expert,Pharao2020,,,
Cahita-35-tail-1-1,Cahita-35-tail-1,bwasia,91,false,expert,Pharao2020,,,
Tarahumaran-35-tail-1-1,Tarahumaran-35-tail-1,wahsi,91,false,expert,Pharao2020,,,
ProtoUtoAztecan-35-tail-1-1,ProtoUtoAztecan-35-tail-1,kwasi_PUA,91,false,expert,Pharao2020,,,
Cora-36-feather-1-1,Cora-36-feather-1,aná,93,false,expert,Pharao2020,,,
Huichol-36-feather-1-1,Huichol-36-feather-1,ana,93,false,expert,Pharao2020,,,
ProtoNahua-36-feather-1-1,ProtoNahua-36-feather-1,ihwi-,94,false,expert,Pharao2020,,,
ProtoNahua-36-feather-2-1,ProtoNahua-36-feather-2,ke¢al-,95,false,expert,Pharao2020,,,
Tepiman-36-feather-1-1,Tepiman-36-feather-1,á,93,false,expert,Pharao2020,,,
Cahita-36-feather-1-1,Cahita-36-feather-1,mássa,96,false,expert,Pharao2020,,,
Tarahumaran-36-feather-1-1,Tarahumaran-36-feather-1,masá,96,false,expert,Pharao2020,,,
ProtoUtoAztecan-36-feather-1-1,ProtoUtoAztecan-36-feather-1,ana_PUA,93,false,expert,Pharao2020,,,
ProtoUtoAztecan-36-feather-2-1,ProtoUtoAztecan-36-feather-2,piwi_PUA,94,false,expert,Pharao2020,,,
ProtoUtoAztecan-36-feather-3-1,ProtoUtoAztecan-36-feather-3,kɨ¢a_PUA,95,false,expert,Pharao2020,,,
Cora-37-hair-1-1,Cora-37-hair-1,kɨpwá,97,false,expert,Pharao2020,,,
Huichol-37-hair-1-1,Huichol-37-hair-1,kɨpa,97,false,expert,Pharao2020,,,
ProtoNahua-37-hair-1-1,ProtoNahua-37-hair-1,¢on-,98,false,expert,Pharao2020,,,
Cahita-37-hair-1-1,Cahita-37-hair-1,cóoni,98,false,expert,Pharao2020,,,
Tarahumaran-37-hair-1-1,Tarahumaran-37-hair-1,kupá,97,false,expert,Pharao2020,,,
ProtoCoracholNahua-37-hair-1-1,ProtoCoracholNahua-37-hair-1,kɨpá,97,false,expert,Pharao2020,,,
ProtoUtoAztecan-37-hair-1-1,ProtoUtoAztecan-37-hair-1,¢omi_PUA,97,false,expert,Pharao2020,,,
ProtoUtoAztecan-37-hair-2-1,ProtoUtoAztecan-37-hair-2,kuppa_PUA,98,false,expert,Pharao2020,,,
Cora-38-head-1-1,Cora-38-head-1,mu,99,false,expert,Pharao2020,,,
Huichol-38-head-1-1,Huichol-38-head-1,mu,99,false,expert,Pharao2020,,,
ProtoNahua-38-head-1-1,ProtoNahua-38-head-1,¢on-tekoma-,100,false,expert,Pharao2020,,,
Tepiman-38-head-1-1,Tepiman-38-head-1,mo,99,false,expert,Pharao2020,,,
Cahita-38-head-1-1,Cahita-38-head-1,kova,100,false,expert,Pharao2020,,,
Tarahumaran-38-head-1-1,Tarahumaran-38-head-1,mo,99,false,expert,Pharao2020,,,
ProtoUtoAztecan-38-head-1-1,ProtoUtoAztecan-38-head-1,muu_PUA,99,false,expert,Pharao2020,,,
Cora-39-ear-1-1,Cora-39-ear-1,nasáih,101,false,expert,Pharao2020,,,
Huichol-39-ear-1-1,Huichol-39-ear-1,naka,101,false,expert,Pharao2020,,,
ProtoNahua-39-ear-1-1,ProtoNahua-39-ear-1,nakas_<nakasV,101,false,expert,Pharao2020,,,
Tepiman-39-ear-1-1,Tepiman-39-ear-1,naaka,101,false,expert,Pharao2020,,,
Cahita-39-ear-1-1,Cahita-39-ear-1,náka,101,false,expert,Pharao2020,,,
Tarahumaran-39-ear-1-1,Tarahumaran-39-ear-1,naká,101,false,expert,Pharao2020,,,
ProtoCoracholNahua-39-ear-1-1,ProtoCoracholNahua-39-ear-1,nákàsa,101,false,expert,Pharao2020,,,
ProtoUtoAztecan-39-ear-1-1,ProtoUtoAztecan-39-ear-1,nakka_PUA,101,false,expert,Pharao2020,,,
Cora-40-eye-1-1,Cora-40-eye-1,hɨ,102,false,expert,Pharao2020,,,
Huichol-40-eye-1-1,Huichol-40-eye-1,hɨʂi,102,false,expert,Pharao2020,,,
ProtoNahua-40-eye-1-1,ProtoNahua-40-eye-1,i:š,102,false,expert,Pharao2020,,,
Tepiman-40-eye-1-1,Tepiman-40-eye-1,vuhi,102,false,expert,Pharao2020,,,
Cahita-40-eye-1-1,Cahita-40-eye-1,púsi,102,false,expert,Pharao2020,,,
Tarahumaran-40-eye-1-1,Tarahumaran-40-eye-1,pusí,102,false,expert,Pharao2020,,,
ProtoCoracholNahua-40-eye-1-1,ProtoCoracholNahua-40-eye-1,huusi,102,false,expert,Pharao2020,,,
ProtoUtoAztecan-40-eye-1-1,ProtoUtoAztecan-40-eye-1,pusi,102,false,expert,Pharao2020,,,
Cora-41-nose-1-1,Cora-41-nose-1,¢u,103,false,expert,Pharao2020,,,
Huichol-41-nose-1-1,Huichol-41-nose-1,¢uri,103,false,expert,Pharao2020,,,
ProtoNahua-41-nose-1-1,ProtoNahua-41-nose-1,yeka-¢ol-,103,false,expert,Pharao2020,,,
ProtoNahua-41-nose-2-1,ProtoNahua-41-nose-2,yaka,104,false,expert,Pharao2020,,,
Tepiman-41-nose-1-1,Tepiman-41-nose-1,daak,104,false,expert,Pharao2020,,,
Cahita-41-nose-1-1,Cahita-41-nose-1,yéka,104,false,expert,Pharao2020,,,
Tarahumaran-41-nose-1-1,Tarahumaran-41-nose-1,yaká,104,false,expert,Pharao2020,,,
ProtoCoracholNahua-41-nose-1-1,ProtoCoracholNahua-41-nose-1,¢ori-,103,false,expert,Pharao2020,,,
ProtoUtoAztecan-41-nose-1-1,ProtoUtoAztecan-41-nose-1,yeka_SUA,103,false,expert,Pharao2020,,,
ProtoUtoAztecan-41-nose-2-1,ProtoUtoAztecan-41-nose-2,¢o_‘snout,104,false,expert,Pharao2020,,,
Cora-42-mouth-1-1,Cora-42-mouth-1,teni,105,false,expert,Pharao2020,,,
Huichol-42-mouth-1-1,Huichol-42-mouth-1,teta,105,false,expert,Pharao2020,,,
ProtoNahua-42-mouth-1-1,ProtoNahua-42-mouth-1,kama,106,false,expert,Pharao2020,,,
Tepiman-42-mouth-1-1,Tepiman-42-mouth-1,tɨɨn,105,false,expert,Pharao2020,,,
Cahita-42-mouth-1-1,Cahita-42-mouth-1,téni,105,false,expert,Pharao2020,,,
Tarahumaran-42-mouth-1-1,Tarahumaran-42-mouth-1,¢u,107,false,expert,Pharao2020,,,
ProtoCoracholNahua-42-mouth-1-1,ProtoCoracholNahua-42-mouth-1,te:n,105,false,expert,Pharao2020,,,
ProtoUtoAztecan-42-mouth-1-1,ProtoUtoAztecan-42-mouth-1,tɨna,105,false,expert,Pharao2020,,,
Cora-43-tooth-1-1,Cora-43-tooth-1,tamé,108,false,expert,Pharao2020,,,
Huichol-43-tooth-1-1,Huichol-43-tooth-1,tame,108,false,expert,Pharao2020,,,
ProtoNahua-43-tooth-1-1,ProtoNahua-43-tooth-1,ƛa:n-,108,false,expert,Pharao2020,,,
Tepiman-43-tooth-1-1,Tepiman-43-tooth-1,tama,108,false,expert,Pharao2020,,,
Cahita-43-tooth-1-1,Cahita-43-tooth-1,támi,108,false,expert,Pharao2020,,,
Tarahumaran-43-tooth-1-1,Tarahumaran-43-tooth-1,tamé,108,false,expert,Pharao2020,,,
ProtoUtoAztecan-43-tooth-1-1,ProtoUtoAztecan-43-tooth-1,tame_SUA,108,false,expert,Pharao2020,,,
Cora-44-tongue-1-1,Cora-44-tongue-1,nanuri,109,false,expert,Pharao2020,,,
Huichol-44-tongue-1-1,Huichol-44-tongue-1,neni,109,false,expert,Pharao2020,,,
ProtoNahua-44-tongue-1-1,ProtoNahua-44-tongue-1,nenepil,109,false,expert,Pharao2020,,,
Tepiman-44-tongue-1-1,Tepiman-44-tongue-1,nɨɨni,109,false,expert,Pharao2020,,,
Cahita-44-tongue-1-1,Cahita-44-tongue-1,níni,109,false,expert,Pharao2020,,,
ProtoUtoAztecan-44-tongue-1-1,ProtoUtoAztecan-44-tongue-1,nenɨ_SUA,109,false,expert,Pharao2020,,,
Cora-45-fingernailtoenail-1-1,Cora-45-fingernailtoenail-1,kú¢ape,110,false,expert,Pharao2020,,,
Huichol-45-fingernailtoenail-1-1,Huichol-45-fingernailtoenail-1,ʂɨte,111,false,expert,Pharao2020,,,
ProtoNahua-45-fingernailtoenail-1-1,ProtoNahua-45-fingernailtoenail-1,iste,111,false,expert,Pharao2020,,,
Tepiman-45-fingernailtoenail-1-1,Tepiman-45-fingernailtoenail-1,huutu,111,false,expert,Pharao2020,,,
Cahita-45-fingernailtoenail-1-1,Cahita-45-fingernailtoenail-1,sútu,111,false,expert,Pharao2020,,,
Tarahumaran-45-fingernailtoenail-1-1,Tarahumaran-45-fingernailtoenail-1,suhtú,111,false,expert,Pharao2020,,,
ProtoCoracholNahua-45-fingernailtoenail-1-1,ProtoCoracholNahua-45-fingernailtoenail-1,sɨté,111,false,expert,Pharao2020,,,
ProtoUtoAztecan-45-fingernailtoenail-1-1,ProtoUtoAztecan-45-fingernailtoenail-1,sutu,111,false,expert,Pharao2020,,,
Cora-46-foot-1-1,Cora-46-foot-1,čepa,112,false,expert,Pharao2020,,,
Huichol-46-foot-1-1,Huichol-46-foot-1,ɨka,112,false,expert,Pharao2020,,,
ProtoNahua-46-foot-1-1,ProtoNahua-46-foot-1,ikši_<kèsi,112,false,expert,Pharao2020,,,
Tepiman-46-foot-1-1,Tepiman-46-foot-1,kɨsa,112,false,expert,Pharao2020,,,
Cahita-46-foot-1-1,Cahita-46-foot-1,wókim,113,false,expert,Pharao2020,,,
Tarahumaran-46-foot-1-1,Tarahumaran-46-foot-1,kasí,112,false,expert,Pharao2020,,,
ProtoUtoAztecan-46-foot-1-1,ProtoUtoAztecan-46-foot-1,ke-,112,false,expert,Pharao2020,,,
Cora-47-knee-1-1,Cora-47-knee-1,tunú,114,false,expert,Pharao2020,,,
Huichol-47-knee-1-1,Huichol-47-knee-1,ʂatɨ,115,false,expert,Pharao2020,,,
ProtoNahua-47-knee-1-1,ProtoNahua-47-knee-1,ƛankwa:-,114,false,expert,Pharao2020,,,
Tepiman-47-knee-1-1,Tepiman-47-knee-1,tóono,114,false,expert,Pharao2020,,,
Cahita-47-knee-1-1,Cahita-47-knee-1,tóno,114,false,expert,Pharao2020,,,
Tarahumaran-47-knee-1-1,Tarahumaran-47-knee-1,¢opokori,116,false,expert,Pharao2020,,,
ProtoUtoAztecan-47-knee-1-1,ProtoUtoAztecan-47-knee-1,taŋa_PUA,114,false,expert,Pharao2020,,,
ProtoUtoAztecan-47-knee-2-1,ProtoUtoAztecan-47-knee-2,toŋa_PUA,116,false,expert,Pharao2020,,,
Cora-48-hand-1-1,Cora-48-hand-1,mwahka,117,false,expert,Pharao2020,,,
Huichol-48-hand-1-1,Huichol-48-hand-1,mama,117,false,expert,Pharao2020,,,
ProtoNahua-48-hand-1-1,ProtoNahua-48-hand-1,ma:-,117,false,expert,Pharao2020,,,
Tepiman-48-hand-1-1,Tepiman-48-hand-1,novi,118,false,expert,Pharao2020,,,
Cahita-48-hand-1-1,Cahita-48-hand-1,mam,117,false,expert,Pharao2020,,,
Tarahumaran-48-hand-1-1,Tarahumaran-48-hand-1,ma,117,false,expert,Pharao2020,,,
ProtoCoracholNahua-48-hand-1-1,ProtoCoracholNahua-48-hand-1,ma:,119,false,expert,Pharao2020,,,
ProtoUtoAztecan-48-hand-1-1,ProtoUtoAztecan-48-hand-1,ma_PUA,117,false,expert,Pharao2020,,,
Cora-49-belly-1-1,Cora-49-belly-1,ɨhti,120,false,expert,Pharao2020,,,
Huichol-49-belly-1-1,Huichol-49-belly-1,huka,120,false,expert,Pharao2020,,,
ProtoNahua-49-belly-1-1,ProtoNahua-49-belly-1,ihte-,121,false,expert,Pharao2020,,,
Tepiman-49-belly-1-1,Tepiman-49-belly-1,vóoka,120,false,expert,Pharao2020,,,
Cahita-49-belly-1-1,Cahita-49-belly-1,tópa,122,false,expert,Pharao2020,,,
Tarahumaran-49-belly-1-1,Tarahumaran-49-belly-1,topá,122,false,expert,Pharao2020,,,
ProtoCoracholNahua-49-belly-1-1,ProtoCoracholNahua-49-belly-1,hotie-,120,false,expert,Pharao2020,,,
ProtoUtoAztecan-49-belly-1-1,ProtoUtoAztecan-49-belly-1,poka_PUA,120,false,expert,Pharao2020,,,
Cora-50-bellybutton-1-1,Cora-50-bellybutton-1,sipu¢i,123,false,expert,Pharao2020,,,
Huichol-50-bellybutton-1-1,Huichol-50-bellybutton-1,ʂɨtemu¢i,123,false,expert,Pharao2020,,,
ProtoNahua-50-bellybutton-1-1,ProtoNahua-50-bellybutton-1,šik-,123,false,expert,Pharao2020,,,
Tepiman-50-bellybutton-1-1,Tepiman-50-bellybutton-1,hiko,123,false,expert,Pharao2020,,,
Cahita-50-bellybutton-1-1,Cahita-50-bellybutton-1,síiku,123,false,expert,Pharao2020,,,
Tarahumaran-50-bellybutton-1-1,Tarahumaran-50-bellybutton-1,sikú,123,false,expert,Pharao2020,,,
ProtoCoracholNahua-50-bellybutton-1-1,ProtoCoracholNahua-50-bellybutton-1,siku-tempo¢i,123,false,expert,Pharao2020,,,
ProtoUtoAztecan-50-bellybutton-1-1,ProtoUtoAztecan-50-bellybutton-1,siku_SUA,123,false,expert,Pharao2020,,,
Cora-51-neck-1-1,Cora-51-neck-1,kɨhpí,124,false,expert,Pharao2020,,,
Huichol-51-neck-1-1,Huichol-51-neck-1,kɨipi,124,false,expert,Pharao2020,,,
ProtoNahua-51-neck-1-1,ProtoNahua-51-neck-1,ke:č-pa-,124,false,expert,Pharao2020,,,
Tepiman-51-neck-1-1,Tepiman-51-neck-1,kusivo,124,false,expert,Pharao2020,,,
Cahita-51-neck-1-1,Cahita-51-neck-1,kútana,125,false,expert,Pharao2020,,,
Tarahumaran-51-neck-1-1,Tarahumaran-51-neck-1,kuhtamó,125,false,expert,Pharao2020,,,
ProtoUtoAztecan-51-neck-1-1,ProtoUtoAztecan-51-neck-1,kusi-pa_PUA,124,false,expert,Pharao2020,,,
Cora-52-breasts-1-1,Cora-52-breasts-1,?tabí?,126,false,expert,Pharao2020,,,
Huichol-52-breasts-1-1,Huichol-52-breasts-1,¢i¢I_,127,false,expert,Pharao2020,,,
ProtoNahua-52-breasts-1-1,ProtoNahua-52-breasts-1,čičiwal,127,false,expert,Pharao2020,,,
Tepiman-52-breasts-1-1,Tepiman-52-breasts-1,vipi,128,false,expert,Pharao2020,,,
Cahita-52-breasts-1-1,Cahita-52-breasts-1,pípim,128,false,expert,Pharao2020,,,
Tarahumaran-52-breasts-1-1,Tarahumaran-52-breasts-1,piwa,127,false,expert,Pharao2020,,,
Tarahumaran-52-breasts-2-1,Tarahumaran-52-breasts-2,čiwara,128,false,expert,Pharao2020,,,
ProtoUtoAztecan-52-breasts-1-1,ProtoUtoAztecan-52-breasts-1,pipi,127,false,expert,Pharao2020,,,
Cora-53-heart-1-1,Cora-53-heart-1,sɨéheniu,129,false,expert,Pharao2020,,,
Huichol-53-heart-1-1,Huichol-53-heart-1,iyari,130,false,expert,Pharao2020,,,
ProtoNahua-53-heart-1-1,ProtoNahua-53-heart-1,yo:lyoh,130,false,expert,Pharao2020,,,
Tepiman-53-heart-1-1,Tepiman-53-heart-1,hura,131,false,expert,Pharao2020,,,
Cahita-53-heart-1-1,Cahita-53-heart-1,hiapsi,131,false,expert,Pharao2020,,,
Tarahumaran-53-heart-1-1,Tarahumaran-53-heart-1,surá,131,false,expert,Pharao2020,,,
ProtoCoracholNahua-53-heart-1-1,ProtoCoracholNahua-53-heart-1,yauri,130,false,expert,Pharao2020,,,
ProtoUtoAztecan-53-heart-1-1,ProtoUtoAztecan-53-heart-1,sura,131,false,expert,Pharao2020,,,
Cora-54-liver-1-1,Cora-54-liver-1,neemwa,132,false,expert,Pharao2020,,,
Huichol-54-liver-1-1,Huichol-54-liver-1,nema,132,false,expert,Pharao2020,,,
ProtoNahua-54-liver-1-1,ProtoNahua-54-liver-1,yel-,133,false,expert,Pharao2020,,,
Tepiman-54-liver-1-1,Tepiman-54-liver-1,nɨma,132,false,expert,Pharao2020,,,
Cahita-54-liver-1-1,Cahita-54-liver-1,hémam,132,false,expert,Pharao2020,,,
Tarahumaran-54-liver-1-1,Tarahumaran-54-liver-1,ema,132,false,expert,Pharao2020,,,
ProtoUtoAztecan-54-liver-1-1,ProtoUtoAztecan-54-liver-1,nɨma_PUA,132,false,expert,Pharao2020,,,
Cora-55-drink-1-1,Cora-55-drink-1,-í,134,false,expert,Pharao2020,,,
Huichol-55-drink-1-1,Huichol-55-drink-1,iya,134,false,expert,Pharao2020,,,
ProtoNahua-55-drink-1-1,ProtoNahua-55-drink-1,i:,134,false,expert,Pharao2020,,,
Tepiman-55-drink-1-1,Tepiman-55-drink-1,ii,134,false,expert,Pharao2020,,,
Cahita-55-drink-1-1,Cahita-55-drink-1,hee,134,false,expert,Pharao2020,,,
Tarahumaran-55-drink-1-1,Tarahumaran-55-drink-1,hi,134,false,expert,Pharao2020,,,
ProtoCoracholNahua-55-drink-1-1,ProtoCoracholNahua-55-drink-1,i:,134,false,expert,Pharao2020,,,
ProtoUtoAztecan-55-drink-1-1,ProtoUtoAztecan-55-drink-1,hipi_PUA,134,false,expert,Pharao2020,,,
Cora-56-eat-1-1,Cora-56-eat-1,kwá,135,false,expert,Pharao2020,,,
Huichol-56-eat-1-1,Huichol-56-eat-1,kwai-ya,135,false,expert,Pharao2020,,,
ProtoNahua-56-eat-1-1,ProtoNahua-56-eat-1,kwa:,135,false,expert,Pharao2020,,,
Tepiman-56-eat-1-1,Tepiman-56-eat-1,ko,135,false,expert,Pharao2020,,,
Cahita-56-eat-1-1,Cahita-56-eat-1,bwa,135,false,expert,Pharao2020,,,
Tarahumaran-56-eat-1-1,Tarahumaran-56-eat-1,ko,135,false,expert,Pharao2020,,,
ProtoCoracholNahua-56-eat-1-1,ProtoCoracholNahua-56-eat-1,kwa,135,false,expert,Pharao2020,,,
ProtoUtoAztecan-56-eat-1-1,ProtoUtoAztecan-56-eat-1,kwa_PUA,135,false,expert,Pharao2020,,,
Cora-57-bite-1-1,Cora-57-bite-1,čé,136,false,expert,Pharao2020,,,
Huichol-57-bite-1-1,Huichol-57-bite-1,kee,136,false,expert,Pharao2020,,,
ProtoNahua-57-bite-1-1,ProtoNahua-57-bite-1,ke¢oma,136,false,expert,Pharao2020,,,
Tepiman-57-bite-1-1,Tepiman-57-bite-1,kɨyi,136,false,expert,Pharao2020,,,
Cahita-57-bite-1-1,Cahita-57-bite-1,keye,136,false,expert,Pharao2020,,,
Tarahumaran-57-bite-1-1,Tarahumaran-57-bite-1,ki¢u,136,false,expert,Pharao2020,,,
ProtoCoracholNahua-57-bite-1-1,ProtoCoracholNahua-57-bite-1,ke,137,false,expert,Pharao2020,,,
ProtoUtoAztecan-57-bite-1-1,ProtoUtoAztecan-57-bite-1,kɨ¢a_PUA,136,false,expert,Pharao2020,,,
Cora-58-vomit-1-1,Cora-58-vomit-1,hara,138,false,expert,Pharao2020,,,
ProtoNahua-58-vomit-1-1,ProtoNahua-58-vomit-1,yesoƛa,139,false,expert,Pharao2020,,,
Tepiman-58-vomit-1-1,Tepiman-58-vomit-1,wihot,139,false,expert,Pharao2020,,,
Cahita-58-vomit-1-1,Cahita-58-vomit-1,bísata,139,false,expert,Pharao2020,,,
Tarahumaran-58-vomit-1-1,Tarahumaran-58-vomit-1,kopéso,139,false,expert,Pharao2020,,,
ProtoUtoAztecan-58-vomit-1-1,ProtoUtoAztecan-58-vomit-1,piso_PUA,138,false,expert,Pharao2020,,,
ProtoUtoAztecan-58-vomit-2-1,ProtoUtoAztecan-58-vomit-2,hara_SUA,139,false,expert,Pharao2020,,,
Cora-59-see-1-1,Cora-59-see-1,séihra,140,false,expert,Pharao2020,,,
Huichol-59-see-1-1,Huichol-59-see-1,ʂeiya,140,false,expert,Pharao2020,,,
ProtoNahua-59-see-1-1,ProtoNahua-59-see-1,či:ya,140,false,expert,Pharao2020,,,
Tepiman-59-see-1-1,Tepiman-59-see-1,tɨɨga,140,false,expert,Pharao2020,,,
Cahita-59-see-1-1,Cahita-59-see-1,téwa,141,false,expert,Pharao2020,,,
Tarahumaran-59-see-1-1,Tarahumaran-59-see-1,tewa,141,false,expert,Pharao2020,,,
ProtoCoracholNahua-59-see-1-1,ProtoCoracholNahua-59-see-1,¢eiya,140,false,expert,Pharao2020,,,
ProtoUtoAztecan-59-see-1-1,ProtoUtoAztecan-59-see-1,tɨwa,141,false,expert,Pharao2020,,,
Cora-60-hear-1-1,Cora-60-hear-1,namwá,142,false,expert,Pharao2020,,,
Huichol-60-hear-1-1,Huichol-60-hear-1,enarika,142,false,expert,Pharao2020,,,
ProtoNahua-60-hear-1-1,ProtoNahua-60-hear-1,kaki,143,false,expert,Pharao2020,,,
Tepiman-60-hear-1-1,Tepiman-60-hear-1,kahɨ,143,false,expert,Pharao2020,,,
Cahita-60-hear-1-1,Cahita-60-hear-1,hikkaha,143,false,expert,Pharao2020,,,
Tarahumaran-60-hear-1-1,Tarahumaran-60-hear-1,ake,143,false,expert,Pharao2020,,,
ProtoUtoAztecan-60-hear-1-1,ProtoUtoAztecan-60-hear-1,kahi_PUA,143,false,expert,Pharao2020,,,
Cora-61-know-1-1,Cora-61-know-1,mware,144,false,expert,Pharao2020,,,
Huichol-61-know-1-1,Huichol-61-know-1,maiya,144,false,expert,Pharao2020,,,
ProtoNahua-61-know-1-1,ProtoNahua-61-know-1,mati,144,false,expert,Pharao2020,,,
Tepiman-61-know-1-1,Tepiman-61-know-1,matɨ,144,false,expert,Pharao2020,,,
Cahita-61-know-1-1,Cahita-61-know-1,ma¢i,144,false,expert,Pharao2020,,,
Tarahumaran-61-know-1-1,Tarahumaran-61-know-1,pené,145,false,expert,Pharao2020,,,
ProtoUtoAztecan-61-know-1-1,ProtoUtoAztecan-61-know-1,mati,144,false,expert,Pharao2020,,,
Cora-62-sleep-1-1,Cora-62-sleep-1,ku¢i,146,false,expert,Pharao2020,,,
Huichol-62-sleep-1-1,Huichol-62-sleep-1,ku¢i,146,false,expert,Pharao2020,,,
ProtoNahua-62-sleep-1-1,ProtoNahua-62-sleep-1,koči,146,false,expert,Pharao2020,,,
Tepiman-62-sleep-1-1,Tepiman-62-sleep-1,koosig,146,false,expert,Pharao2020,,,
Cahita-62-sleep-1-1,Cahita-62-sleep-1,kotče,146,false,expert,Pharao2020,,,
Tarahumaran-62-sleep-1-1,Tarahumaran-62-sleep-1,ko¢i-,146,false,expert,Pharao2020,,,
ProtoUtoAztecan-62-sleep-1-1,ProtoUtoAztecan-62-sleep-1,ko¢i_SUA,146,false,expert,Pharao2020,,,
Cora-63-die-1-1,Cora-63-die-1,mɨ,147,false,expert,Pharao2020,,,
Huichol-63-die-1-1,Huichol-63-die-1,mɨiya,147,false,expert,Pharao2020,,,
ProtoNahua-63-die-1-1,ProtoNahua-63-die-1,miki,147,false,expert,Pharao2020,,,
Tepiman-63-die-1-1,Tepiman-63-die-1,muki,147,false,expert,Pharao2020,,,
Cahita-63-die-1-1,Cahita-63-die-1,múuke,147,false,expert,Pharao2020,,,
Tarahumaran-63-die-1-1,Tarahumaran-63-die-1,mukú,147,false,expert,Pharao2020,,,
ProtoUtoAztecan-63-die-1-1,ProtoUtoAztecan-63-die-1,muki_PUA,147,false,expert,Pharao2020,,,
Cora-64-kill-1-1,Cora-64-kill-1,he,148,false,expert,Pharao2020,,,
Huichol-64-kill-1-1,Huichol-64-kill-1,mieriya,149,false,expert,Pharao2020,,,
ProtoNahua-64-kill-1-1,ProtoNahua-64-kill-1,miktia,150,false,expert,Pharao2020,,,
Tepiman-64-kill-1-1,Tepiman-64-kill-1,mɨ,149,false,expert,Pharao2020,,,
Cahita-64-kill-1-1,Cahita-64-kill-1,mé,149,false,expert,Pharao2020,,,
Tarahumaran-64-kill-1-1,Tarahumaran-64-kill-1,me,149,false,expert,Pharao2020,,,
ProtoUtoAztecan-64-kill-1-1,ProtoUtoAztecan-64-kill-1,mɨkka,149,false,expert,Pharao2020,,,
Cora-65-flyv-1-1,Cora-65-flyv-1,wará,151,false,expert,Pharao2020,,,
Huichol-65-flyv-1-1,Huichol-65-flyv-1,wiya,152,false,expert,Pharao2020,,,
ProtoNahua-65-flyv-1-1,ProtoNahua-65-flyv-1,paƛani,153,false,expert,Pharao2020,,,
Tepiman-65-flyv-1-1,Tepiman-65-flyv-1,nɨ,154,false,expert,Pharao2020,,,
Cahita-65-flyv-1-1,Cahita-65-flyv-1,né,154,false,expert,Pharao2020,,,
Tarahumaran-65-flyv-1-1,Tarahumaran-65-flyv-1,i,154,false,expert,Pharao2020,,,
ProtoUtoAztecan-65-flyv-1-1,ProtoUtoAztecan-65-flyv-1,nɨ,153,false,expert,Pharao2020,,,
Cora-66-walkv-1-1,Cora-66-walkv-1,-yeiwe,155,false,expert,Pharao2020,,,
Huichol-66-walkv-1-1,Huichol-66-walkv-1,yeiya,155,false,expert,Pharao2020,,,
ProtoNahua-66-walkv-1-1,ProtoNahua-66-walkv-1,yawi,155,false,expert,Pharao2020,,,
Tepiman-66-walkv-1-1,Tepiman-66-walkv-1,sime,156,false,expert,Pharao2020,,,
Cahita-66-walkv-1-1,Cahita-66-walkv-1,siime,156,false,expert,Pharao2020,,,
Tarahumaran-66-walkv-1-1,Tarahumaran-66-walkv-1,simí,156,false,expert,Pharao2020,,,
ProtoCoracholNahua-66-walkv-1-1,ProtoCoracholNahua-66-walkv-1,yai-wi,155,false,expert,Pharao2020,,,
ProtoUtoAztecan-66-walkv-1-1,ProtoUtoAztecan-66-walkv-1,yapi,155,false,expert,Pharao2020,,,
Cora-67-come-1-1,Cora-67-come-1,-bé,157,false,expert,Pharao2020,,,
Huichol-67-come-1-1,Huichol-67-come-1,ha-mie,158,false,expert,Pharao2020,,,
ProtoNahua-67-come-1-1,ProtoNahua-67-come-1,wa:l-yawi,159,false,expert,Pharao2020,,,
Tepiman-67-come-1-1,Tepiman-67-come-1,yɨwa,160,false,expert,Pharao2020,,,
Cahita-67-come-1-1,Cahita-67-come-1,yépsa,160,false,expert,Pharao2020,,,
Tarahumaran-67-come-1-1,Tarahumaran-67-come-1,noite,161,false,expert,Pharao2020,,,
ProtoUtoAztecan-67-come-1-1,ProtoUtoAztecan-67-come-1,yiwa_SUA,158,false,expert,Pharao2020,,,
Cora-68-liev-1-1,Cora-68-liev-1,waka,162,false,expert,Pharao2020,,,
Huichol-68-liev-1-1,Huichol-68-liev-1,ka,163,false,expert,Pharao2020,,,
ProtoNahua-68-liev-1-1,ProtoNahua-68-liev-1,ok,162,false,expert,Pharao2020,,,
Tepiman-68-liev-1-1,Tepiman-68-liev-1,vo,162,false,expert,Pharao2020,,,
Cahita-68-liev-1-1,Cahita-68-liev-1,bó,162,false,expert,Pharao2020,,,
Tarahumaran-68-liev-1-1,Tarahumaran-68-liev-1,po,162,false,expert,Pharao2020,,,
ProtoCoracholNahua-68-liev-1-1,ProtoCoracholNahua-68-liev-1,wáukà,162,false,expert,Pharao2020,,,
ProtoUtoAztecan-68-liev-1-1,ProtoUtoAztecan-68-liev-1,wo_SUA,162,false,expert,Pharao2020,,,
Cora-69-sit-1-1,Cora-69-sit-1,auhká,164,false,expert,Pharao2020,,,
Huichol-69-sit-1-1,Huichol-69-sit-1,ka,165,false,expert,Pharao2020,,,
ProtoNahua-69-sit-1-1,ProtoNahua-69-sit-1,yetok,166,false,expert,Pharao2020,,,
Tepiman-69-sit-1-1,Tepiman-69-sit-1,dahi,166,false,expert,Pharao2020,,,
Cahita-69-sit-1-1,Cahita-69-sit-1,yésasa,166,false,expert,Pharao2020,,,
Tarahumaran-69-sit-1-1,Tarahumaran-69-sit-1,yasipá,166,false,expert,Pharao2020,,,
ProtoCoracholNahua-69-sit-1-1,ProtoCoracholNahua-69-sit-1,yeih,166,false,expert,Pharao2020,,,
ProtoUtoAztecan-69-sit-1-1,ProtoUtoAztecan-69-sit-1,yasi_SUA,166,false,expert,Pharao2020,,,
Cora-70-stand-1-1,Cora-70-stand-1,-téhebee,167,false,expert,Pharao2020,,,
Huichol-70-stand-1-1,Huichol-70-stand-1,téwi,167,false,expert,Pharao2020,,,
ProtoNahua-70-stand-1-1,ProtoNahua-70-stand-1,ihkak,168,false,expert,Pharao2020,,,
Tepiman-70-stand-1-1,Tepiman-70-stand-1,kɨka,168,false,expert,Pharao2020,,,
Cahita-70-stand-1-1,Cahita-70-stand-1,wéyek,169,false,expert,Pharao2020,,,
Tarahumaran-70-stand-1-1,Tarahumaran-70-stand-1,weri,169,false,expert,Pharao2020,,,
ProtoUtoAztecan-70-stand-1-1,ProtoUtoAztecan-70-stand-1,keka,168,false,expert,Pharao2020,,,
ProtoNahua-71-give-1-1,ProtoNahua-71-give-1,maka,170,false,expert,Pharao2020,,,
Tepiman-71-give-1-1,Tepiman-71-give-1,maaka,170,false,expert,Pharao2020,,,
Cahita-71-give-1-1,Cahita-71-give-1,máka,170,false,expert,Pharao2020,,,
Tarahumaran-71-give-1-1,Tarahumaran-71-give-1,ki,171,false,expert,Pharao2020,,,
ProtoUtoAztecan-71-give-1-1,ProtoUtoAztecan-71-give-1,maka_PUA,170,false,expert,Pharao2020,,,
Cora-72-sing-1-1,Cora-72-sing-1,čwíka,172,false,expert,Pharao2020,,,
Huichol-72-sing-1-1,Huichol-72-sing-1,kwikariya,172,false,expert,Pharao2020,,,
ProtoNahua-72-sing-1-1,ProtoNahua-72-sing-1,kwika,172,false,expert,Pharao2020,,,
Tepiman-72-sing-1-1,Tepiman-72-sing-1,nɨ,173,false,expert,Pharao2020,,,
Cahita-72-sing-1-1,Cahita-72-sing-1,bwíka,172,false,expert,Pharao2020,,,
Tarahumaran-72-sing-1-1,Tarahumaran-72-sing-1,wikatá,172,false,expert,Pharao2020,,,
ProtoUtoAztecan-72-sing-1-1,ProtoUtoAztecan-72-sing-1,kwika_PUA,172,false,expert,Pharao2020,,,
Cora-73-sun-1-1,Cora-73-sun-1,sɨkah,174,false,expert,Pharao2020,,,
Huichol-73-sun-1-1,Huichol-73-sun-1,tau,175,false,expert,Pharao2020,,,
ProtoNahua-73-sun-1-1,ProtoNahua-73-sun-1,to:nal-,175,false,expert,Pharao2020,,,
Tepiman-73-sun-1-1,Tepiman-73-sun-1,tása,176,false,expert,Pharao2020,,,
Cahita-73-sun-1-1,Cahita-73-sun-1,tá,176,false,expert,Pharao2020,,,
Tarahumaran-73-sun-1-1,Tarahumaran-73-sun-1,táhenari,176,false,expert,Pharao2020,,,
ProtoCoracholNahua-73-sun-1-1,ProtoCoracholNahua-73-sun-1,tau,175,false,expert,Pharao2020,,,
ProtoUtoAztecan-73-sun-1-1,ProtoUtoAztecan-73-sun-1,tawa_PUA,175,false,expert,Pharao2020,,,
Cora-74-moon-1-1,Cora-74-moon-1,maskɨrai,177,false,expert,Pharao2020,,,
Huichol-74-moon-1-1,Huichol-74-moon-1,me¢a,177,false,expert,Pharao2020,,,
ProtoNahua-74-moon-1-1,ProtoNahua-74-moon-1,me¢-,177,false,expert,Pharao2020,,,
Tepiman-74-moon-1-1,Tepiman-74-moon-1,masaada,177,false,expert,Pharao2020,,,
Cahita-74-moon-1-1,Cahita-74-moon-1,mé¢a,177,false,expert,Pharao2020,,,
Tarahumaran-74-moon-1-1,Tarahumaran-74-moon-1,me¢á,177,false,expert,Pharao2020,,,
ProtoUtoAztecan-74-moon-1-1,ProtoUtoAztecan-74-moon-1,mé¢a_SUA,177,false,expert,Pharao2020,,,
Cora-75-star-1-1,Cora-75-star-1,sú,178,false,expert,Pharao2020,,,
Huichol-75-star-1-1,Huichol-75-star-1,ʂurawe,178,false,expert,Pharao2020,,,
ProtoNahua-75-star-1-1,ProtoNahua-75-star-1,sital-,178,false,expert,Pharao2020,,,
Tepiman-75-star-1-1,Tepiman-75-star-1,sipo,179,false,expert,Pharao2020,,,
Cahita-75-star-1-1,Cahita-75-star-1,čóki,180,false,expert,Pharao2020,,,
Tarahumaran-75-star-1-1,Tarahumaran-75-star-1,so,179,false,expert,Pharao2020,,,
ProtoCoracholNahua-75-star-1-1,ProtoCoracholNahua-75-star-1,su:ta-,178,false,expert,Pharao2020,,,
ProtoUtoAztecan-75-star-1-1,ProtoUtoAztecan-75-star-1,suu_PUA,178,false,expert,Pharao2020,,,
Cora-76-sky-1-1,Cora-76-sky-1,tahapwá,181,false,expert,Pharao2020,,,
Huichol-76-sky-1-1,Huichol-76-sky-1,muyuawi¢ie,182,false,expert,Pharao2020,,,
ProtoNahua-76-sky-1-1,ProtoNahua-76-sky-1,ilwika,183,false,expert,Pharao2020,,,
Tepiman-76-sky-1-1,Tepiman-76-sky-1,tɨvagi,183,false,expert,Pharao2020,,,
Cahita-76-sky-1-1,Cahita-76-sky-1,téeka,183,false,expert,Pharao2020,,,
Tarahumaran-76-sky-1-1,Tarahumaran-76-sky-1,teweká,183,false,expert,Pharao2020,,,
ProtoUtoAztecan-76-sky-1-1,ProtoUtoAztecan-76-sky-1,tawika_SUA,183,false,expert,Pharao2020,,,
Cora-77-water-1-1,Cora-77-water-1,hah,184,false,expert,Pharao2020,,,
Huichol-77-water-1-1,Huichol-77-water-1,ha,184,false,expert,Pharao2020,,,
ProtoNahua-77-water-1-1,ProtoNahua-77-water-1,a:-,184,false,expert,Pharao2020,,,
Tepiman-77-water-1-1,Tepiman-77-water-1,sudagi,185,false,expert,Pharao2020,,,
Cahita-77-water-1-1,Cahita-77-water-1,báa,184,false,expert,Pharao2020,,,
Tarahumaran-77-water-1-1,Tarahumaran-77-water-1,pawí,184,false,expert,Pharao2020,,,
ProtoCoracholNahua-77-water-1-1,ProtoCoracholNahua-77-water-1,ha:,184,false,expert,Pharao2020,,,
ProtoUtoAztecan-77-water-1-1,ProtoUtoAztecan-77-water-1,pa:_PUA,184,false,expert,Pharao2020,,,
Cora-78-wind-1-1,Cora-78-wind-1,eeka,186,false,expert,Pharao2020,,,
Huichol-78-wind-1-1,Huichol-78-wind-1,eeka,186,false,expert,Pharao2020,,,
ProtoNahua-78-wind-1-1,ProtoNahua-78-wind-1,yehyeka-,186,false,expert,Pharao2020,,,
Tepiman-78-wind-1-1,Tepiman-78-wind-1,hɨvɨri,187,false,expert,Pharao2020,,,
Cahita-78-wind-1-1,Cahita-78-wind-1,héeka,186,false,expert,Pharao2020,,,
Tarahumaran-78-wind-1-1,Tarahumaran-78-wind-1,eká,186,false,expert,Pharao2020,,,
ProtoUtoAztecan-78-wind-1-1,ProtoUtoAztecan-78-wind-1,heka_SUA,186,false,expert,Pharao2020,,,
Cora-79-rainn-1-1,Cora-79-rainn-1,biite,188,false,expert,Pharao2020,,,
Huichol-79-rainn-1-1,Huichol-79-rainn-1,wiyeri,188,false,expert,Pharao2020,,,
ProtoNahua-79-rainn-1-1,ProtoNahua-79-rainn-1,kiyawi-,188,false,expert,Pharao2020,,,
Tepiman-79-rainn-1-1,Tepiman-79-rainn-1,duku,189,false,expert,Pharao2020,,,
Cahita-79-rainn-1-1,Cahita-79-rainn-1,yúke,189,false,expert,Pharao2020,,,
Tarahumaran-79-rainn-1-1,Tarahumaran-79-rainn-1,yu,189,false,expert,Pharao2020,,,
ProtoCoracholNahua-79-rainn-1-1,ProtoCoracholNahua-79-rainn-1,wi,188,false,expert,Pharao2020,,,
ProtoUtoAztecan-79-rainn-1-1,ProtoUtoAztecan-79-rainn-1,yuku_SUA,188,false,expert,Pharao2020,,,
Cora-80-snown-1-1,Cora-80-snown-1,seeri,190,false,expert,Pharao2020,,,
Huichol-80-snown-1-1,Huichol-80-snown-1,ɨɨví,191,false,expert,Pharao2020,,,
ProtoNahua-80-snown-1-1,ProtoNahua-80-snown-1,se,190,false,expert,Pharao2020,,,
Tepiman-80-snown-1-1,Tepiman-80-snown-1,kɨvai,192,false,expert,Pharao2020,,,
Cahita-80-snown-1-1,Cahita-80-snown-1,sápam,193,false,expert,Pharao2020,,,
Tarahumaran-80-snown-1-1,Tarahumaran-80-snown-1,kepá,192,false,expert,Pharao2020,,,
ProtoCoracholNahua-80-snown-1-1,ProtoCoracholNahua-80-snown-1,se,190,false,expert,Pharao2020,,,
ProtoUtoAztecan-80-snown-1-1,ProtoUtoAztecan-80-snown-1,kɨpa,194,false,expert,Pharao2020,,,
Cora-81-stone-1-1,Cora-81-stone-1,teté,195,false,expert,Pharao2020,,,
Huichol-81-stone-1-1,Huichol-81-stone-1,tete,195,false,expert,Pharao2020,,,
ProtoNahua-81-stone-1-1,ProtoNahua-81-stone-1,te-,195,false,expert,Pharao2020,,,
Tepiman-81-stone-1-1,Tepiman-81-stone-1,hoda,196,false,expert,Pharao2020,,,
Cahita-81-stone-1-1,Cahita-81-stone-1,téta,195,false,expert,Pharao2020,,,
Tarahumaran-81-stone-1-1,Tarahumaran-81-stone-1,teté,195,false,expert,Pharao2020,,,
ProtoCoracholNahua-81-stone-1-1,ProtoCoracholNahua-81-stone-1,te,195,false,expert,Pharao2020,,,
ProtoUtoAztecan-81-stone-1-1,ProtoUtoAztecan-81-stone-1,te_SUA,195,false,expert,Pharao2020,,,
Cora-82-sand-1-1,Cora-82-sand-1,seh,197,false,expert,Pharao2020,,,
Huichol-82-sand-1-1,Huichol-82-sand-1,ʂiekari,197,false,expert,Pharao2020,,,
ProtoNahua-82-sand-1-1,ProtoNahua-82-sand-1,ša:l-,197,false,expert,Pharao2020,,,
Tepiman-82-sand-1-1,Tepiman-82-sand-1,orai,198,false,expert,Pharao2020,,,
Cahita-82-sand-1-1,Cahita-82-sand-1,sée,197,false,expert,Pharao2020,,,
Tarahumaran-82-sand-1-1,Tarahumaran-82-sand-1,saté,197,false,expert,Pharao2020,,,
ProtoCoracholNahua-82-sand-1-1,ProtoCoracholNahua-82-sand-1,sihar-,197,false,expert,Pharao2020,,,
ProtoUtoAztecan-82-sand-1-1,ProtoUtoAztecan-82-sand-1,siCa_SUA,197,false,expert,Pharao2020,,,
Cora-83-earth-1-1,Cora-83-earth-1,kweh,199,false,expert,Pharao2020,,,
Huichol-83-earth-1-1,Huichol-83-earth-1,kwie,199,false,expert,Pharao2020,,,
ProtoNahua-83-earth-1-1,ProtoNahua-83-earth-1,ƛa:l,200,false,expert,Pharao2020,,,
Tepiman-83-earth-1-1,Tepiman-83-earth-1,dɨvirai,200,false,expert,Pharao2020,,,
Cahita-83-earth-1-1,Cahita-83-earth-1,bwiya,199,false,expert,Pharao2020,,,
Tarahumaran-83-earth-1-1,Tarahumaran-83-earth-1,we,199,false,expert,Pharao2020,,,
ProtoUtoAztecan-83-earth-1-1,ProtoUtoAztecan-83-earth-1,kwi_PUA,199,false,expert,Pharao2020,,,
ProtoUtoAztecan-83-earth-2-1,ProtoUtoAztecan-83-earth-2,tɨpal_PUA,200,false,expert,Pharao2020,,,
Cora-84-salt-1-1,Cora-84-salt-1,unáh,201,false,expert,Pharao2020,,,
Huichol-84-salt-1-1,Huichol-84-salt-1,una,201,false,expert,Pharao2020,,,
ProtoNahua-84-salt-1-1,ProtoNahua-84-salt-1,ista,202,false,expert,Pharao2020,,,
Tepiman-84-salt-1-1,Tepiman-84-salt-1,ona,201,false,expert,Pharao2020,,,
Cahita-84-salt-1-1,Cahita-84-salt-1,óna,201,false,expert,Pharao2020,,,
Tarahumaran-84-salt-1-1,Tarahumaran-84-salt-1,oná,201,false,expert,Pharao2020,,,
ProtoUtoAztecan-84-salt-1-1,ProtoUtoAztecan-84-salt-1,oŋa_PUA,201,false,expert,Pharao2020,,,
Cora-85-cloud-1-1,Cora-85-cloud-1,haítɨri,203,false,expert,Pharao2020,,,
Huichol-85-cloud-1-1,Huichol-85-cloud-1,hai,203,false,expert,Pharao2020,,,
ProtoNahua-85-cloud-1-1,ProtoNahua-85-cloud-1,mex-,204,false,expert,Pharao2020,,,
Cahita-85-cloud-1-1,Cahita-85-cloud-1,naámu,205,false,expert,Pharao2020,,,
Tarahumaran-85-cloud-1-1,Tarahumaran-85-cloud-1,tomóa,206,false,expert,Pharao2020,,,
ProtoUtoAztecan-85-cloud-1-1,ProtoUtoAztecan-85-cloud-1,tommo,203,false,expert,Pharao2020,,,
ProtoUtoAztecan-85-cloud-2-1,ProtoUtoAztecan-85-cloud-2,haki_PUA,204,false,expert,Pharao2020,,,
ProtoUtoAztecan-85-cloud-3-1,ProtoUtoAztecan-85-cloud-3,musi_PUA,206,false,expert,Pharao2020,,,
Cora-86-smoken-1-1,Cora-86-smoken-1,kɨɨ¢í,207,false,expert,Pharao2020,,,
Huichol-86-smoken-1-1,Huichol-86-smoken-1,kɨ¢i,207,false,expert,Pharao2020,,,
ProtoNahua-86-smoken-1-1,ProtoNahua-86-smoken-1,po:k-,207,false,expert,Pharao2020,,,
Tepiman-86-smoken-1-1,Tepiman-86-smoken-1,kubusi,207,false,expert,Pharao2020,,,
Cahita-86-smoken-1-1,Cahita-86-smoken-1,bwíiči,207,false,expert,Pharao2020,,,
Tarahumaran-86-smoken-1-1,Tarahumaran-86-smoken-1,moré-,208,false,expert,Pharao2020,,,
ProtoUtoAztecan-86-smoken-1-1,ProtoUtoAztecan-86-smoken-1,kwi¢i,207,false,expert,Pharao2020,,,
Cora-87-fire-1-1,Cora-87-fire-1,taih,209,false,expert,Pharao2020,,,
Huichol-87-fire-1-1,Huichol-87-fire-1,tai,209,false,expert,Pharao2020,,,
ProtoNahua-87-fire-1-1,ProtoNahua-87-fire-1,ƛe,209,false,expert,Pharao2020,,,
Tepiman-87-fire-1-1,Tepiman-87-fire-1,tai,209,false,expert,Pharao2020,,,
Cahita-87-fire-1-1,Cahita-87-fire-1,táhi,209,false,expert,Pharao2020,,,
Cahita-87-fire-2-1,Cahita-87-fire-2,náy,210,false,expert,Pharao2020,,,
Tarahumaran-87-fire-1-1,Tarahumaran-87-fire-1,na,210,false,expert,Pharao2020,,,
ProtoUtoAztecan-87-fire-1-1,ProtoUtoAztecan-87-fire-1,ƛahi_PUA,209,false,expert,Pharao2020,,,
Cora-88-ash-1-1,Cora-88-ash-1,nasí,211,false,expert,Pharao2020,,,
Huichol-88-ash-1-1,Huichol-88-ash-1,naʂi,211,false,expert,Pharao2020,,,
ProtoNahua-88-ash-1-1,ProtoNahua-88-ash-1,neš,211,false,expert,Pharao2020,,,
Tepiman-88-ash-1-1,Tepiman-88-ash-1,mátai,212,false,expert,Pharao2020,,,
Cahita-88-ash-1-1,Cahita-88-ash-1,náposa,213,false,expert,Pharao2020,,,
Tarahumaran-88-ash-1-1,Tarahumaran-88-ash-1,napisó,213,false,expert,Pharao2020,,,
ProtoCoracholNahua-88-ash-1-1,ProtoCoracholNahua-88-ash-1,nasi_,211,false,expert,Pharao2020,,,
Huichol-89-burn-1-1,Huichol-89-burn-1,tai-riya,214,false,expert,Pharao2020,,,
ProtoNahua-89-burn-1-1,ProtoNahua-89-burn-1,ƛatia,214,false,expert,Pharao2020,,,
ProtoNahua-89-burn-2-1,ProtoNahua-89-burn-2,ƛaƛa,214,false,expert,Pharao2020,,,
Tepiman-89-burn-1-1,Tepiman-89-burn-1,náda,215,false,expert,Pharao2020,,,
Cahita-89-burn-1-1,Cahita-89-burn-1,táha,214,false,expert,Pharao2020,,,
Tarahumaran-89-burn-1-1,Tarahumaran-89-burn-1,tahá,214,false,expert,Pharao2020,,,
ProtoCoracholNahua-89-burn-1-1,ProtoCoracholNahua-89-burn-1,taitia,214,false,expert,Pharao2020,,,
Cora-90-path-1-1,Cora-90-path-1,huye,216,false,expert,Pharao2020,,,
Huichol-90-path-1-1,Huichol-90-path-1,huye,216,false,expert,Pharao2020,,,
ProtoNahua-90-path-1-1,ProtoNahua-90-path-1,oh-,216,false,expert,Pharao2020,,,
Tepiman-90-path-1-1,Tepiman-90-path-1,voi,216,false,expert,Pharao2020,,,
Cahita-90-path-1-1,Cahita-90-path-1,vó,216,false,expert,Pharao2020,,,
Tarahumaran-90-path-1-1,Tarahumaran-90-path-1,powé,216,false,expert,Pharao2020,,,
ProtoCoracholNahua-90-path-1-1,ProtoCoracholNahua-90-path-1,ho-ye,216,false,expert,Pharao2020,,,
ProtoUtoAztecan-90-path-1-1,ProtoUtoAztecan-90-path-1,po_PUA,216,false,expert,Pharao2020,,,
Cora-91-mountain-1-1,Cora-91-mountain-1,hɨri,217,false,expert,Pharao2020,,,
Huichol-91-mountain-1-1,Huichol-91-mountain-1,yemuri,218,false,expert,Pharao2020,,,
ProtoNahua-91-mountain-1-1,ProtoNahua-91-mountain-1,tepe:-,219,false,expert,Pharao2020,,,
Tepiman-91-mountain-1-1,Tepiman-91-mountain-1,oidaga,217,false,expert,Pharao2020,,,
Cahita-91-mountain-1-1,Cahita-91-mountain-1,káwi,220,false,expert,Pharao2020,,,
Tarahumaran-91-mountain-1-1,Tarahumaran-91-mountain-1,kawí,220,false,expert,Pharao2020,,,
ProtoCoracholNahua-91-mountain-1-1,ProtoCoracholNahua-91-mountain-1,te-pɨ:ti,221,false,expert,Pharao2020,,,
ProtoUtoAztecan-91-mountain-1-1,ProtoUtoAztecan-91-mountain-1,hu-ya_SUA,217,false,expert,Pharao2020,,,
Cora-92-red-1-1,Cora-92-red-1,tapa,222,false,expert,Pharao2020,,,
Huichol-92-red-1-1,Huichol-92-red-1,ʂeta,223,false,expert,Pharao2020,,,
ProtoNahua-92-red-1-1,ProtoNahua-92-red-1,čičil-tik,222,false,expert,Pharao2020,,,
ProtoNahua-92-red-2-1,ProtoNahua-92-red-2,pa_‘pintar,224,false,expert,Pharao2020,,,
Tepiman-92-red-1-1,Tepiman-92-red-1,vɨgi,225,false,expert,Pharao2020,,,
Cahita-92-red-1-1,Cahita-92-red-1,síkili,226,false,expert,Pharao2020,,,
Tarahumaran-92-red-1-1,Tarahumaran-92-red-1,setá,223,false,expert,Pharao2020,,,
ProtoUtoAztecan-92-red-1-1,ProtoUtoAztecan-92-red-1,sɨta,223,false,expert,Pharao2020,,,
Cora-93-green-1-1,Cora-93-green-1,hamwámwa,227,false,expert,Pharao2020,,,
Huichol-93-green-1-1,Huichol-93-green-1,¢iɨraye,228,false,expert,Pharao2020,,,
ProtoNahua-93-green-1-1,ProtoNahua-93-green-1,šošow-,228,false,expert,Pharao2020,,,
Tepiman-93-green-1-1,Tepiman-93-green-1,tɨdogi,228,false,expert,Pharao2020,,,
Cahita-93-green-1-1,Cahita-93-green-1,síali,228,false,expert,Pharao2020,,,
Tarahumaran-93-green-1-1,Tarahumaran-93-green-1,siyó-,228,false,expert,Pharao2020,,,
ProtoCoracholNahua-93-green-1-1,ProtoCoracholNahua-93-green-1,síwì,228,false,expert,Pharao2020,,,
ProtoUtoAztecan-93-green-1-1,ProtoUtoAztecan-93-green-1,¢íyòwí,228,false,expert,Pharao2020,,,
Cora-94-yellow-1-1,Cora-94-yellow-1,taúmwa,229,false,expert,Pharao2020,,,
Huichol-94-yellow-1-1,Huichol-94-yellow-1,taʂaiye,230,false,expert,Pharao2020,,,
ProtoNahua-94-yellow-1-1,ProtoNahua-94-yellow-1,kos-tik,231,false,expert,Pharao2020,,,
Tepiman-94-yellow-1-1,Tepiman-94-yellow-1,oam,232,false,expert,Pharao2020,,,
Cahita-94-yellow-1-1,Cahita-94-yellow-1,sawá,233,false,expert,Pharao2020,,,
Tarahumaran-94-yellow-1-1,Tarahumaran-94-yellow-1,sawa-,233,false,expert,Pharao2020,,,
ProtoUtoAztecan-94-yellow-1-1,ProtoUtoAztecan-94-yellow-1,kosawa_SUA?,231,false,expert,Pharao2020,,,
Cora-95-white-1-1,Cora-95-white-1,kwaina,234,false,expert,Pharao2020,,,
Huichol-95-white-1-1,Huichol-95-white-1,tuʂa,235,false,expert,Pharao2020,,,
ProtoNahua-95-white-1-1,ProtoNahua-95-white-1,ista-k,235,false,expert,Pharao2020,,,
Tepiman-95-white-1-1,Tepiman-95-white-1,toha,235,false,expert,Pharao2020,,,
Cahita-95-white-1-1,Cahita-95-white-1,tósa,235,false,expert,Pharao2020,,,
Tarahumaran-95-white-1-1,Tarahumaran-95-white-1,tosá-,235,false,expert,Pharao2020,,,
ProtoUtoAztecan-95-white-1-1,ProtoUtoAztecan-95-white-1,tòsá_PUA,234,false,expert,Pharao2020,,,
ProtoUtoAztecan-95-white-2-1,ProtoUtoAztecan-95-white-2,kwaya_PUA,235,false,expert,Pharao2020,,,
Cora-96-black-1-1,Cora-96-black-1,sú,236,false,expert,Pharao2020,,,
Huichol-96-black-1-1,Huichol-96-black-1,yɨwi,237,false,expert,Pharao2020,,,
ProtoNahua-96-black-1-1,ProtoNahua-96-black-1,ƛil-tik,238,false,expert,Pharao2020,,,
Tepiman-96-black-1-1,Tepiman-96-black-1,tuku,239,false,expert,Pharao2020,,,
Cahita-96-black-1-1,Cahita-96-black-1,čukuli,239,false,expert,Pharao2020,,,
ProtoUtoAztecan-96-black-1-1,ProtoUtoAztecan-96-black-1,tuku,238,false,expert,Pharao2020,,,
ProtoUtoAztecan-96-black-2-1,ProtoUtoAztecan-96-black-2,tuL_PUA,237,false,expert,Pharao2020,,,
Cora-97-night-1-1,Cora-97-night-1,tɨ́ka,240,false,expert,Pharao2020,,,
Huichol-97-night-1-1,Huichol-97-night-1,tɨkari,240,false,expert,Pharao2020,,,
ProtoNahua-97-night-1-1,ProtoNahua-97-night-1,yo:wa-,241,false,expert,Pharao2020,,,
Tepiman-97-night-1-1,Tepiman-97-night-1,tukaa,240,false,expert,Pharao2020,,,
Cahita-97-night-1-1,Cahita-97-night-1,tukaria,240,false,expert,Pharao2020,,,
Tarahumaran-97-night-1-1,Tarahumaran-97-night-1,tugaó,240,false,expert,Pharao2020,,,
ProtoUtoAztecan-97-night-1-1,ProtoUtoAztecan-97-night-1,yuppa_PUA,240,false,expert,Pharao2020,,,
ProtoUtoAztecan-97-night-2-1,ProtoUtoAztecan-97-night-2,tuka,241,false,expert,Pharao2020,,,
Cora-98-name-1-1,Cora-98-name-1,tamwa,242,false,expert,Pharao2020,,,
Huichol-98-name-1-1,Huichol-98-name-1,tewa,242,false,expert,Pharao2020,,,
ProtoNahua-98-name-1-1,ProtoNahua-98-name-1,to:ka-,242,false,expert,Pharao2020,,,
Tepiman-98-name-1-1,Tepiman-98-name-1,tɨɨg,242,false,expert,Pharao2020,,,
Cahita-98-name-1-1,Cahita-98-name-1,téwa,242,false,expert,Pharao2020,,,
Tarahumaran-98-name-1-1,Tarahumaran-98-name-1,tewá,242,false,expert,Pharao2020,,,
ProtoCoracholNahua-98-name-1-1,ProtoCoracholNahua-98-name-1,tewa-ka,242,false,expert,Pharao2020,,,
ProtoUtoAztecan-98-name-1-1,ProtoUtoAztecan-98-name-1,tɨwa_PUA,242,false,expert,Pharao2020,,,
Cora-99-year-1-1,Cora-99-year-1,ruu-sí,243,false,expert,Pharao2020,,,
Huichol-99-year-1-1,Huichol-99-year-1,wi-yari,244,false,expert,Pharao2020,,,
ProtoNahua-99-year-1-1,ProtoNahua-99-year-1,šiwi-,243,false,expert,Pharao2020,,,
Tepiman-99-year-1-1,Tepiman-99-year-1,oidha,244,false,expert,Pharao2020,,,
Cahita-99-year-1-1,Cahita-99-year-1,wasuk-,245,false,expert,Pharao2020,,,
Tarahumaran-99-year-1-1,Tarahumaran-99-year-1,pamí,246,false,expert,Pharao2020,,,
ProtoCoracholNahua-99-year-1-1,ProtoCoracholNahua-99-year-1,si-wi,243,false,expert,Pharao2020,,,
ProtoUtoAztecan-99-year-1-1,ProtoUtoAztecan-99-year-1,wiya,244,false,expert,Pharao2020,,,
Cora-100-rope-1-1,Cora-100-rope-1,káhunari,247,false,expert,Pharao2020,,,
Huichol-100-rope-1-1,Huichol-100-rope-1,witari,248,false,expert,Pharao2020,,,
ProtoNahua-100-rope-1-1,ProtoNahua-100-rope-1,meka-,249,false,expert,Pharao2020,,,
Tepiman-100-rope-1-1,Tepiman-100-rope-1,tɨrovini,250,false,expert,Pharao2020,,,
Cahita-100-rope-1-1,Cahita-100-rope-1,witeri,248,false,expert,Pharao2020,,,
Tarahumaran-100-rope-1-1,Tarahumaran-100-rope-1,witári,248,false,expert,Pharao2020,,,
ProtoUtoAztecan-100-rope-1-1,ProtoUtoAztecan-100-rope-1,wika,248,false,expert,Pharao2020,,,
